{"count":1,"gauges":{},"self":48.7532384,"total":53.7656748,"children":{"AgentResetIfDone":{"count":2596,"self":0.0179734,"total":0.0179734,"children":null},"AgentSendState":{"count":2596,"self":0.0169505,"total":0.0179472,"children":{"CollectObservations":{"count":700,"self":0.00099669999999999989,"total":0.00099669999999999989,"children":null}}},"DecideAction":{"count":2596,"self":2.0256768,"total":4.885312,"children":{"RenderTexSensor.GetCompressedObservation":{"count":700,"self":2.8596352,"total":2.8596352,"children":null}}},"AcademyStep":{"count":2596,"self":0.0109705,"total":0.0109705,"children":null},"AgentAct":{"count":2596,"self":0.0792372,"total":0.0792372,"children":null}}}