{"count":1,"gauges":{},"self":116.5828736,"total":134.1619569,"children":{"AgentResetIfDone":{"count":6675,"self":0.0209851,"total":0.0209851,"children":null},"AgentSendState":{"count":6675,"self":0.019999299999999998,"total":0.023837399999999998,"children":{"CollectObservations":{"count":2112,"self":0.0038380999999999997,"total":0.0038380999999999997,"children":null}}},"DecideAction":{"count":6675,"self":10.151995999999999,"total":17.4486085,"children":{"RenderTexSensor.GetCompressedObservation":{"count":2112,"self":7.2966127999999992,"total":7.2966127,"children":null}}},"AcademyStep":{"count":6675,"self":0.0117156,"total":0.0117156,"children":null},"AgentAct":{"count":6675,"self":0.0729471,"total":0.0729471,"children":null}}}