{"count":1,"self":24.8976304,"total":96.6439201,"children":{"AgentResetIfDone":{"count":6816,"self":0.069538,"total":0.069538,"children":null},"AgentSendState":{"count":6816,"self":0.1843057,"total":0.2030941,"children":{"CollectObservations":{"count":5920,"self":0.0187884,"total":0.0187884,"children":null}}},"DecideAction":{"count":6816,"self":55.389632,"total":67.85835329999999,"children":{"AgentInfo.ToProto":{"count":5920,"self":0.2165336,"total":12.4687237,"children":{"Texture2DSensor.GetCompressedObservation":{"count":5920,"self":12.2521904,"total":12.2521901,"children":null}}}}},"AcademyStep":{"count":6816,"self":0.0338856,"total":0.0338856,"children":null},"AgentAct":{"count":6816,"self":3.5804215999999998,"total":3.5804218,"children":null}}}