{"count":1,"gauges":{},"self":146.0836608,"total":173.8797483,"children":{"AgentResetIfDone":{"count":8056,"self":0.0272524,"total":0.0272524,"children":null},"AgentSendState":{"count":8056,"self":0.0198598,"total":0.024633199999999997,"children":{"CollectObservations":{"count":2357,"self":0.0047734,"total":0.0047734,"children":null}}},"DecideAction":{"count":8056,"self":14.2914896,"total":22.819346499999998,"children":{"RenderTexSensor.GetCompressedObservation":{"count":2357,"self":8.527857599999999,"total":8.5278572999999991,"children":null}}},"AcademyStep":{"count":8056,"self":0.0158055,"total":0.0158055,"children":null},"AgentAct":{"count":8056,"self":4.9080552,"total":4.9080550999999994,"children":null}}}