{"count":1,"gauges":{},"self":26.6158128,"total":26.634105299999998,"children":{"AgentResetIfDone":{"count":1316,"self":0.0029657,"total":0.0029657,"children":null},"AgentSendState":{"count":1316,"self":0.0009509,"total":0.0009509,"children":{"CollectObservations":{"count":200,"self":0,"total":0,"children":null}}},"DecideAction":{"count":1316,"self":0.0046156,"total":0.0046156,"children":null},"AcademyStep":{"count":1316,"self":0.00096249999999999992,"total":0.00096249999999999992,"children":null},"AgentAct":{"count":1316,"self":0.0078003,"total":0.0078003,"children":null}}}