{"count":1,"gauges":{},"self":30.985385599999997,"total":31.518288499999997,"children":{"AgentResetIfDone":{"count":1565,"self":0.0068715,"total":0.0068715,"children":null},"AgentSendState":{"count":1565,"self":0.00089129999999999993,"total":0.00089129999999999993,"children":{"CollectObservations":{"count":398,"self":0,"total":0,"children":null}}},"DecideAction":{"count":1565,"self":0.0039117,"total":0.0039117,"children":null},"AcademyStep":{"count":1565,"self":0.0008906,"total":0.0008906,"children":null},"AgentAct":{"count":1565,"self":0.51933889999999994,"total":0.51933889999999994,"children":null}}}