{"count":1,"gauges":{},"self":77.220255999999992,"total":78.030708699999991,"children":{"AgentResetIfDone":{"count":3867,"self":0.023368399999999998,"total":0.023368399999999998,"children":null},"AgentSendState":{"count":3867,"self":0.015023799999999999,"total":0.6739368,"children":{"CollectObservations":{"count":1270,"self":0.658913,"total":0.658913,"children":null}}},"DecideAction":{"count":3867,"self":0.027915699999999998,"total":0.027915699999999998,"children":null},"AcademyStep":{"count":3867,"self":0.010737199999999999,"total":0.010737199999999999,"children":null},"AgentAct":{"count":3867,"self":0.0735031,"total":0.0735031,"children":null}}}