{"count":1,"gauges":{},"self":66.3405568,"total":66.375593299999991,"children":{"AgentResetIfDone":{"count":3300,"self":0.004941,"total":0.004941,"children":null},"AgentSendState":{"count":3300,"self":0.0034500999999999998,"total":0.0054218,"children":{"CollectObservations":{"count":977,"self":0.0019717,"total":0.0019717,"children":null}}},"DecideAction":{"count":3300,"self":0.0059216,"total":0.0059216,"children":null},"AcademyStep":{"count":3300,"self":0,"total":0,"children":null},"AgentAct":{"count":3300,"self":0.0177557,"total":0.0177557,"children":null}}}