{"count":1,"gauges":{},"self":35.0282816,"total":35.071895399999995,"children":{"AgentResetIfDone":{"count":1723,"self":0.0113458,"total":0.0113458,"children":null},"AgentSendState":{"count":1723,"self":0.0058369,"total":0.0068343,"children":{"CollectObservations":{"count":409,"self":0.00099739999999999985,"total":0.00099739999999999985,"children":null}}},"DecideAction":{"count":1723,"self":0.0039099,"total":0.0039099,"children":null},"AcademyStep":{"count":1723,"self":0.0039892,"total":0.0039892,"children":null},"AgentAct":{"count":1723,"self":0.016535499999999998,"total":0.016535499999999998,"children":null}}}