{"count":1,"gauges":{},"self":7.1466216,"total":41.6700832,"children":{"AgentResetIfDone":{"count":11417,"self":0.084651999999999991,"total":0.084651999999999991,"children":null},"AgentSendState":{"count":11417,"self":0.094552,"total":0.11745639999999999,"children":{"CollectObservations":{"count":3317,"self":0.0229044,"total":0.0229044,"children":null}}},"DecideAction":{"count":11417,"self":22.7320736,"total":34.0640399,"children":{"AgentInfo.ToProto":{"count":3317,"self":0.0932146,"total":11.331966699999999,"children":{"Texture2DSensor.GetCompressedObservation":{"count":3317,"self":11.238752,"total":11.2387521,"children":null}}}}},"AcademyStep":{"count":11417,"self":0.040848699999999995,"total":0.040848699999999995,"children":null},"AgentAct":{"count":11417,"self":0.21546749999999998,"total":0.21546749999999998,"children":null}}}