{"count":1,"gauges":{},"self":72.975231999999991,"total":73.0099415,"children":{"AgentResetIfDone":{"count":3624,"self":0.0065198999999999995,"total":0.0065198999999999995,"children":null},"AgentSendState":{"count":3624,"self":0.0037968999999999998,"total":0.0037968999999999998,"children":{"CollectObservations":{"count":558,"self":0,"total":0,"children":null}}},"DecideAction":{"count":3624,"self":0.0056707,"total":0.0056707,"children":null},"AcademyStep":{"count":3624,"self":0.0019111,"total":0.0019111,"children":null},"AgentAct":{"count":3624,"self":0.0158147,"total":0.0158147,"children":null}}}