{"count":1,"self":5.7194519999999995,"total":52.462807399999996,"children":{"AgentResetIfDone":{"count":5601,"self":0.062294699999999995,"total":0.062294699999999995,"children":null},"AgentSendState":{"count":5601,"self":0.1301221,"total":0.14590419999999998,"children":{"CollectObservations":{"count":5448,"self":0.0157821,"total":0.0157821,"children":null}}},"DecideAction":{"count":5601,"self":38.60704,"total":46.2331144,"children":{"Texture2DSensor.GetCompressedObservation":{"count":5448,"self":7.6260752,"total":7.6260752999999992,"children":null}}},"AcademyStep":{"count":5601,"self":0.0199664,"total":0.0199664,"children":null},"AgentAct":{"count":5601,"self":0.2810706,"total":0.2810706,"children":null}}}