{"count":1,"gauges":{},"self":106.16496,"total":126.6500155,"children":{"AgentResetIfDone":{"count":6317,"self":0.0232174,"total":0.0232174,"children":null},"AgentSendState":{"count":6317,"self":0.0190398,"total":0.019922199999999998,"children":{"CollectObservations":{"count":1844,"self":0.0008824,"total":0.0008824,"children":null}}},"DecideAction":{"count":6317,"self":11.1740824,"total":18.389792099999998,"children":{"RenderTexSensor.GetCompressedObservation":{"count":1844,"self":7.2157104,"total":7.21571,"children":null}}},"AcademyStep":{"count":6317,"self":0.0087379,"total":0.0087379,"children":null},"AgentAct":{"count":6317,"self":2.043389,"total":2.043389,"children":null}}}