{"count":1,"self":2.0541587999999997,"total":25.083481499999998,"children":{"AgentResetIfDone":{"count":3167,"self":0.0209478,"total":0.0209478,"children":null},"AgentSendState":{"count":3167,"self":0.17802779999999999,"total":0.24088849999999998,"children":{"CollectObservations":{"count":12915,"self":0.062860699999999992,"total":0.062860699999999992,"children":null}}},"DecideAction":{"count":3167,"self":22.654787199999998,"total":22.7365772,"children":{"AgentInfo.ToProto":{"count":2750,"self":0.08179,"total":0.08179,"children":null}}},"AcademyStep":{"count":3167,"self":0.0099639999999999989,"total":0.0099639999999999989,"children":null},"AgentAct":{"count":3167,"self":0.019947799999999998,"total":0.019947799999999998,"children":null}}}