{"count":1,"gauges":{},"self":48.4336384,"total":49.6980751,"children":{"AgentResetIfDone":{"count":2473,"self":0.011693499999999999,"total":0.011693499999999999,"children":null},"AgentSendState":{"count":2473,"self":0.0087759999999999991,"total":0.0087759999999999991,"children":{"CollectObservations":{"count":701,"self":0,"total":0,"children":null}}},"DecideAction":{"count":2473,"self":0.0103722,"total":0.0103722,"children":null},"AcademyStep":{"count":2473,"self":0.005861,"total":0.005861,"children":null},"AgentAct":{"count":2473,"self":1.2267360999999999,"total":1.2267360999999999,"children":null}}}