{"count":1,"gauges":{},"self":94.9033408,"total":95.2284268,"children":{"AgentResetIfDone":{"count":4681,"self":0.0588181,"total":0.0588181,"children":null},"AgentSendState":{"count":4681,"self":0.0229386,"total":0.0289209,"children":{"CollectObservations":{"count":1506,"self":0.0059822999999999994,"total":0.0059822999999999994,"children":null}}},"DecideAction":{"count":4681,"self":0.0457994,"total":0.0457994,"children":null},"AcademyStep":{"count":4681,"self":0.0109454,"total":0.0109454,"children":null},"AgentAct":{"count":4681,"self":0.1796021,"total":0.1796021,"children":null}}}