{"count":1,"gauges":{},"self":5.447856,"total":23.4273885,"children":{"AgentResetIfDone":{"count":4884,"self":0.037690999999999995,"total":0.037690999999999995,"children":null},"AgentSendState":{"count":4884,"self":0.0366856,"total":0.039678399999999996,"children":{"CollectObservations":{"count":1335,"self":0.0029928,"total":0.0029928,"children":null}}},"DecideAction":{"count":4884,"self":15.007791999999998,"total":17.791469,"children":{"AgentInfo.ToProto":{"count":1335,"self":0.031908599999999995,"total":2.7836771,"children":{"Texture2DSensor.GetCompressedObservation":{"count":1335,"self":2.7517684,"total":2.7517685,"children":null}}}}},"AcademyStep":{"count":4884,"self":0.0069451999999999995,"total":0.0069451999999999995,"children":null},"AgentAct":{"count":4884,"self":0.10273009999999999,"total":0.10273009999999999,"children":null}}}