{"count":1,"gauges":{},"self":24.4829008,"total":24.5437342,"children":{"AgentResetIfDone":{"count":1198,"self":0.0039901,"total":0.0039901,"children":null},"AgentSendState":{"count":1198,"self":0.0029920999999999997,"total":0.0039895,"children":{"CollectObservations":{"count":364,"self":0.00099739999999999985,"total":0.00099739999999999985,"children":null}}},"DecideAction":{"count":1198,"self":0.0069796,"total":0.0069796,"children":null},"AcademyStep":{"count":1198,"self":0.0029923999999999997,"total":0.0029923999999999997,"children":null},"AgentAct":{"count":1198,"self":0.0418845,"total":0.0418845,"children":null}}}