{"count":1,"self":15.591041599999999,"total":120.6636954,"children":{"AgentResetIfDone":{"count":20417,"self":0.1514856,"total":0.1514856,"children":null},"AgentSendState":{"count":20417,"self":0.51308429999999994,"total":0.6835686,"children":{"CollectObservations":{"count":35223,"self":0.1704843,"total":0.1704843,"children":null}}},"DecideAction":{"count":20417,"self":103.83187199999999,"total":104.0628327,"children":{"AgentInfo.ToProto":{"count":11778,"self":0.2309628,"total":0.2309628,"children":null}}},"AcademyStep":{"count":20417,"self":0.070894699999999991,"total":0.070894699999999991,"children":null},"AgentAct":{"count":20417,"self":0.10287929999999999,"total":0.10287929999999999,"children":null}}}