{"count":1,"gauges":{},"self":41.6562784,"total":41.7011495,"children":{"AgentResetIfDone":{"count":655,"self":0.0069806999999999994,"total":0.0069806999999999994,"children":null},"AgentSendState":{"count":655,"self":0.00299,"total":0.0039882,"children":{"CollectObservations":{"count":199,"self":0.00099819999999999987,"total":0.00099819999999999987,"children":null}}},"DecideAction":{"count":655,"self":0.0049876999999999994,"total":0.0049876999999999994,"children":null},"AcademyStep":{"count":655,"self":0.0039882,"total":0.0039882,"children":null},"AgentAct":{"count":655,"self":0.023929699999999998,"total":0.023929699999999998,"children":null}}}