{"count":1,"self":14.127559999999999,"total":14.338402299999998,"children":{"AgentResetIfDone":{"count":689,"self":0.00097549999999999991,"total":0.00097549999999999991,"children":null},"AgentSendState":{"count":689,"self":0.0019935,"total":0.0028851,"children":{"CollectObservations":{"count":575,"self":0.0008916,"total":0.0008916,"children":null}}},"DecideAction":{"count":689,"self":0.00099739999999999985,"total":0.00099739999999999985,"children":null},"AcademyStep":{"count":689,"self":0.0010201,"total":0.0010201,"children":null},"AgentAct":{"count":689,"self":0.20396699999999998,"total":0.20396699999999998,"children":null}}}