{"count":1,"gauges":{},"self":80.6892544,"total":107.8494692,"children":{"AgentResetIfDone":{"count":5062,"self":0.075294,"total":0.075294,"children":null},"AgentSendState":{"count":5062,"self":0.042622099999999996,"total":0.0588859,"children":{"CollectObservations":{"count":3123,"self":0.0162638,"total":0.0162638,"children":null}}},"DecideAction":{"count":5062,"self":7.0066976,"total":26.8163493,"children":{"RenderTexSensor.GetCompressedObservation":{"count":3123,"self":19.809651199999998,"total":19.809652,"children":null}}},"AcademyStep":{"count":5062,"self":0.0136168,"total":0.0136168,"children":null},"AgentAct":{"count":5062,"self":0.1950959,"total":0.1950959,"children":null}}}