{"count":1,"gauges":{},"self":2.8070185999999997,"total":21.4493121,"children":{"AgentResetIfDone":{"count":4251,"self":0.030922099999999998,"total":0.030922099999999998,"children":null},"AgentSendState":{"count":4251,"self":0.052513699999999996,"total":0.055506,"children":{"CollectObservations":{"count":1335,"self":0.0029923,"total":0.0029923,"children":null}}},"DecideAction":{"count":4251,"self":15.3236496,"total":18.4162133,"children":{"AgentInfo.ToProto":{"count":1335,"self":0.048363899999999994,"total":3.0925635,"children":{"Texture2DSensor.GetCompressedObservation":{"count":1335,"self":3.0441996,"total":3.0441996,"children":null}}}}},"AcademyStep":{"count":4251,"self":0.0199471,"total":0.0199471,"children":null},"AgentAct":{"count":4251,"self":0.1187076,"total":0.1187076,"children":null}}}