{"count":1,"gauges":{},"self":58.626687999999994,"total":58.8113349,"children":{"AgentResetIfDone":{"count":2900,"self":0.0719052,"total":0.0719052,"children":null},"AgentSendState":{"count":2900,"self":0.018517699999999998,"total":0.025470299999999998,"children":{"CollectObservations":{"count":932,"self":0.0069526,"total":0.0069526,"children":null}}},"DecideAction":{"count":2900,"self":0.0215962,"total":0.0215962,"children":null},"AcademyStep":{"count":2900,"self":0.0058306,"total":0.0058306,"children":null},"AgentAct":{"count":2900,"self":0.058847,"total":0.058847,"children":null}}}