{"count":1,"self":263.7689344,"total":266.4103967,"children":{"AgentResetIfDone":{"count":26572,"self":0.054195799999999995,"total":0.054195799999999995,"children":null},"AgentSendState":{"count":26572,"self":0.0348554,"total":0.0388009,"children":{"CollectObservations":{"count":1005,"self":0.0039455,"total":0.0039455,"children":null}}},"DecideAction":{"count":26572,"self":2.4677485999999997,"total":2.4756142999999997,"children":{"AgentInfo.ToProto":{"count":213,"self":0.0078657,"total":0.0078657,"children":null}}},"AcademyStep":{"count":26572,"self":0.0363755,"total":0.0363755,"children":null},"AgentAct":{"count":26572,"self":0.035480199999999996,"total":0.035480199999999996,"children":null}}}