{"count":1,"gauges":{},"self":15.7017872,"total":15.7214355,"children":{"AgentResetIfDone":{"count":754,"self":0.0029541,"total":0.0029541,"children":null},"AgentSendState":{"count":754,"self":0.0009971,"total":0.0009971,"children":{"CollectObservations":{"count":198,"self":0,"total":0,"children":null}}},"DecideAction":{"count":754,"self":0.0019965,"total":0.0019965,"children":null},"AcademyStep":{"count":754,"self":0.0029665,"total":0.0029665,"children":null},"AgentAct":{"count":754,"self":0.009737599999999999,"total":0.009737599999999999,"children":null}}}