{"count":1,"self":9.139116,"total":72.9631876,"children":{"AgentResetIfDone":{"count":16292,"self":0.1179054,"total":0.1179054,"children":null},"AgentSendState":{"count":16292,"self":0.285221,"total":0.3894546,"children":{"CollectObservations":{"count":15731,"self":0.1042336,"total":0.1042336,"children":null}}},"DecideAction":{"count":16292,"self":56.132576,"total":62.834276599999995,"children":{"Texture2DSensor.GetCompressedObservation":{"count":15731,"self":6.7017036,"total":6.7017035,"children":null}}},"AcademyStep":{"count":16292,"self":0.0496949,"total":0.0496949,"children":null},"AgentAct":{"count":16292,"self":0.4317427,"total":0.4317427,"children":null}}}