{"count":1,"self":7.6604927999999992,"total":61.465942299999995,"children":{"AgentResetIfDone":{"count":10326,"self":0.0787687,"total":0.0787687,"children":null},"AgentSendState":{"count":10326,"self":0.237004,"total":0.2738913,"children":{"CollectObservations":{"count":9021,"self":0.0368873,"total":0.0368873,"children":null}}},"DecideAction":{"count":10326,"self":51.4529536,"total":53.368638499999996,"children":{"AgentInfo.ToProto":{"count":9021,"self":0.2668719,"total":1.9156852999999998,"children":{"Texture2DSensor.GetCompressedObservation":{"count":9021,"self":1.6488133999999999,"total":1.6488133999999999,"children":null}}}}},"AcademyStep":{"count":10326,"self":0.0449604,"total":0.0449604,"children":null},"AgentAct":{"count":10326,"self":0.0391904,"total":0.0391904,"children":null}}}