{"count":1,"gauges":{},"self":35.250928,"total":724.6454663,"children":{"AgentResetIfDone":{"count":112667,"self":0.7735844,"total":0.7735844,"children":null},"AgentSendState":{"count":112667,"self":1.0329414,"total":1.1496174,"children":{"CollectObservations":{"count":32845,"self":0.11667599999999999,"total":0.11667599999999999,"children":null}}},"DecideAction":{"count":112667,"self":548.616448,"total":685.0300624,"children":{"AgentInfo.ToProto":{"count":32845,"self":25.2904512,"total":136.4136328,"children":{"Texture2DSensor.GetCompressedObservation":{"count":32845,"self":111.12318719999999,"total":111.1231811,"children":null}}}}},"AcademyStep":{"count":112667,"self":0.4289955,"total":0.4289955,"children":null},"AgentAct":{"count":112667,"self":2.0112818,"total":2.0112818,"children":null}}}