{"count":1,"self":2.5924603999999998,"total":12.1917415,"children":{"AgentResetIfDone":{"count":1231,"self":0.00889,"total":0.00889,"children":null},"AgentSendState":{"count":1231,"self":0.027852799999999997,"total":0.0358328,"children":{"CollectObservations":{"count":1081,"self":0.00798,"total":0.00798,"children":null}}},"DecideAction":{"count":1231,"self":7.9907008,"total":9.5004399,"children":{"Texture2DSensor.GetCompressedObservation":{"count":1081,"self":1.5097391,"total":1.5097391,"children":null}}},"AcademyStep":{"count":1231,"self":0.0030486,"total":0.0030486,"children":null},"AgentAct":{"count":1231,"self":0.050073,"total":0.050073,"children":null}}}