{"count":1,"gauges":{},"self":8.9244408,"total":8.9353166,"children":{"AgentResetIfDone":{"count":401,"self":0.0039678,"total":0.0039678,"children":null},"AgentSendState":{"count":401,"self":0.0019748,"total":0.0019748,"children":{"CollectObservations":{"count":115,"self":0,"total":0,"children":null}}},"DecideAction":{"count":401,"self":0.00096939999999999993,"total":0.00096939999999999993,"children":null},"AcademyStep":{"count":401,"self":0.0009969,"total":0.0009969,"children":null},"AgentAct":{"count":401,"self":0.0019716,"total":0.0019716,"children":null}}}