{"count":1,"self":10.0714544,"total":52.479847199999995,"children":{"AgentResetIfDone":{"count":9532,"self":0.07310019999999999,"total":0.07310019999999999,"children":null},"AgentSendState":{"count":9532,"self":0.19906759999999998,"total":0.2379683,"children":{"CollectObservations":{"count":8199,"self":0.038900699999999996,"total":0.038900699999999996,"children":null}}},"DecideAction":{"count":9532,"self":34.7611872,"total":41.8651586,"children":{"Texture2DSensor.GetCompressedObservation":{"count":8199,"self":7.103972,"total":7.1039717,"children":null}}},"AcademyStep":{"count":9532,"self":0.0353943,"total":0.0353943,"children":null},"AgentAct":{"count":9532,"self":0.1957737,"total":0.1957737,"children":null}}}