{"count":1,"self":21.4894256,"total":34.0415843,"children":{"AgentResetIfDone":{"count":1633,"self":0.012967399999999999,"total":0.012967399999999999,"children":null},"AgentSendState":{"count":1633,"self":0.017926499999999998,"total":0.017926499999999998,"children":{"CollectObservations":{"count":1286,"self":0,"total":0,"children":null}}},"DecideAction":{"count":1633,"self":6.4665799999999996,"total":11.7319183,"children":{"Texture2DSensor.GetCompressedObservation":{"count":1286,"self":5.2653384,"total":5.2653384,"children":null}}},"AcademyStep":{"count":1633,"self":0.0049577,"total":0.0049577,"children":null},"AgentAct":{"count":1633,"self":0.7833918,"total":0.7833918,"children":null}}}