{"count":1,"gauges":{},"self":38.2637216,"total":53.898937999999994,"children":{"AgentResetIfDone":{"count":2658,"self":0.0371601,"total":0.0371601,"children":null},"AgentSendState":{"count":2658,"self":0.0378968,"total":0.0488679,"children":{"CollectObservations":{"count":3458,"self":0.0109711,"total":0.0109711,"children":null}}},"DecideAction":{"count":2658,"self":3.514542,"total":15.3806348,"children":{"RenderTexSensor.GetCompressedObservation":{"count":3458,"self":11.866092799999999,"total":11.8660929,"children":null}}},"AcademyStep":{"count":2658,"self":0.0139624,"total":0.0139624,"children":null},"AgentAct":{"count":2658,"self":0.15359499999999998,"total":0.15359499999999998,"children":null}}}