{"count":1,"gauges":{},"self":111.243776,"total":111.2931454,"children":{"AgentResetIfDone":{"count":5534,"self":0.0190778,"total":0.0190778,"children":null},"AgentSendState":{"count":5534,"self":0.0037935,"total":0.0037935,"children":{"CollectObservations":{"count":653,"self":0,"total":0,"children":null}}},"DecideAction":{"count":5534,"self":0.0057761,"total":0.0057761,"children":null},"AcademyStep":{"count":5534,"self":0.0019422999999999999,"total":0.0019422999999999999,"children":null},"AgentAct":{"count":5534,"self":0.017792199999999998,"total":0.017792199999999998,"children":null}}}