{"count":1,"gauges":{},"self":90.2889536,"total":98.657616699999991,"children":{"AgentResetIfDone":{"count":4923,"self":0.0069796999999999993,"total":0.0069796999999999993,"children":null},"AgentSendState":{"count":4923,"self":0.0079805,"total":0.0089775999999999988,"children":{"CollectObservations":{"count":1417,"self":0.0009971,"total":0.0009971,"children":null}}},"DecideAction":{"count":4923,"self":3.6534944,"total":8.279380999999999,"children":{"RenderTexSensor.GetCompressedObservation":{"count":1417,"self":4.6258868,"total":4.6258867,"children":null}}},"AcademyStep":{"count":4923,"self":0.0049883,"total":0.0049883,"children":null},"AgentAct":{"count":4923,"self":0.0673404,"total":0.0673404,"children":null}}}