{"count":1,"gauges":{},"self":79.5887424,"total":79.7512338,"children":{"AgentResetIfDone":{"count":3940,"self":0.0358932,"total":0.0358932,"children":null},"AgentSendState":{"count":3940,"self":0.0099709,"total":0.0169529,"children":{"CollectObservations":{"count":1188,"self":0.0069819999999999995,"total":0.0069819999999999995,"children":null}}},"DecideAction":{"count":3940,"self":0.0149608,"total":0.0149608,"children":null},"AcademyStep":{"count":3940,"self":0.0079782999999999989,"total":0.0079782999999999989,"children":null},"AgentAct":{"count":3940,"self":0.0857107,"total":0.0857107,"children":null}}}