{
  "name": "root",
  "gauges": [
    {
      "name": "VelocityBasedAgent.mean_reward",
      "value": -28.532250920135994,
      "min": -153.28850023500854,
      "max": 1.736000062781386,
      "count": 724
    }
  ],
  "total": 29437.6034158,
  "count": 1,
  "self": 556.8095266998862,
  "children": [
    {
      "name": "TrainerController.advance",
      "total": 28880.793889100114,
      "count": 1608329,
      "self": 7266.730659300785,
      "children": [
        {
          "name": "env_step",
          "total": 9657.711463599351,
          "count": 1608329,
          "self": 1180.6790207955637,
          "children": [
            {
              "name": "SubprocessEnvManager._take_step",
              "total": 8448.565442103909,
              "count": 6000003,
              "self": 93.47228300231473,
              "children": [
                {
                  "name": "PPOPolicy.evaluate",
                  "total": 8355.093159101594,
                  "count": 6000003,
                  "self": 8355.093159101594
                }
              ]
            },
            {
              "name": "workers",
              "total": 28.467000699878323,
              "count": 1608329,
              "self": 0.0,
              "children": [
                {
                  "name": "worker_root",
                  "total": 147015.39447280872,
                  "count": 6000002,
                  "is_parallel": true,
                  "self": 138062.78236911198,
                  "children": [
                    {
                      "name": "UnityEnvironment.step",
                      "total": 8952.612103696727,
                      "count": 6000002,
                      "is_parallel": true,
                      "self": 1714.5135297947618,
                      "children": [
                        {
                          "name": "UnityEnvironment._generate_step_input",
                          "total": 381.3841105002556,
                          "count": 6000002,
                          "is_parallel": true,
                          "self": 381.3841105002556
                        },
                        {
                          "name": "communicator.exchange",
                          "total": 6856.7144634017095,
                          "count": 6000002,
                          "is_parallel": true,
                          "self": 6856.7144634017095
                        }
                      ]
                    }
                  ]
                }
              ]
            }
          ]
        },
        {
          "name": "update_policy",
          "total": 11956.35176619998,
          "count": 2656,
          "self": 1910.6379282006747,
          "children": [
            {
              "name": "PPOPolicy.update",
              "total": 10045.713837999305,
              "count": 1267542,
              "self": 10045.713837999305
            }
          ]
        }
      ]
    }
  ]
}