{
  "name": "root",
  "total": 13.2226095,
  "count": 1,
  "self": 10.103008500000005,
  "children": [
    {
      "name": "TrainerController.advance",
      "total": 3.119600999999996,
      "count": 249,
      "self": 0.20725409999998412,
      "children": [
        {
          "name": "env_step",
          "total": 2.9123469000000117,
          "count": 249,
          "self": 0.60977770000002,
          "children": [
            {
              "name": "SubprocessEnvManager._take_step",
              "total": 2.2999835999999902,
              "count": 249,
              "self": 0.0041233999999761295,
              "children": [
                {
                  "name": "PPOPolicy.evaluate",
                  "total": 2.295860200000014,
                  "count": 249,
                  "self": 2.295860200000014
                }
              ]
            },
            {
              "name": "workers",
              "total": 0.00258560000000152,
              "count": 249,
              "self": 0.0,
              "children": [
                {
                  "name": "worker_root",
                  "total": 10.05764819999998,
                  "count": 249,
                  "is_parallel": true,
                  "self": 9.575731599999969,
                  "children": [
                    {
                      "name": "BrainInfo.process_pixels",
                      "total": 0.02002950000000059,
                      "count": 1,
                      "is_parallel": true,
                      "self": 9.580000000042332e-05,
                      "children": [
                        {
                          "name": "image_decompress",
                          "total": 0.019933700000000165,
                          "count": 1,
                          "is_parallel": true,
                          "self": 0.019933700000000165
                        }
                      ]
                    },
                    {
                      "name": "UnityEnvironment.step",
                      "total": 0.4618871000000109,
                      "count": 249,
                      "is_parallel": true,
                      "self": 0.04273630000002271,
                      "children": [
                        {
                          "name": "UnityEnvironment._generate_step_input",
                          "total": 0.012298900000004664,
                          "count": 249,
                          "is_parallel": true,
                          "self": 0.012298900000004664
                        },
                        {
                          "name": "communicator.exchange",
                          "total": 0.3590560999999859,
                          "count": 249,
                          "is_parallel": true,
                          "self": 0.3590560999999859
                        },
                        {
                          "name": "BrainInfo.process_pixels",
                          "total": 0.04779579999999761,
                          "count": 249,
                          "is_parallel": true,
                          "self": 0.01682259999999225,
                          "children": [
                            {
                              "name": "image_decompress",
                              "total": 0.030973200000005363,
                              "count": 249,
                              "is_parallel": true,
                              "self": 0.030973200000005363
                            }
                          ]
                        }
                      ]
                    }
                  ]
                }
              ]
            }
          ]
        }
      ]
    }
  ]
}