{
  "name": "root",
  "gauges": [
    {
      "name": "VBA.mean_reward",
      "value": -2.0490000973222777,
      "min": -2.0490000973222777,
      "max": 1.478000047733076,
      "count": 4
    }
  ],
  "total": 68.6635799,
  "count": 1,
  "self": 15.503974799999767,
  "children": [
    {
      "name": "TrainerController.advance",
      "total": 53.159605100000235,
      "count": 8996,
      "self": 5.835488800000192,
      "children": [
        {
          "name": "env_step",
          "total": 47.32411630000004,
          "count": 8996,
          "self": 25.907850099999884,
          "children": [
            {
              "name": "SubprocessEnvManager._take_step",
              "total": 21.320668900000303,
              "count": 8996,
              "self": 0.133891500000491,
              "children": [
                {
                  "name": "PPOPolicy.evaluate",
                  "total": 21.186777399999812,
                  "count": 8996,
                  "self": 21.186777399999812
                }
              ]
            },
            {
              "name": "workers",
              "total": 0.09559729999985755,
              "count": 8995,
              "self": 0.0,
              "children": [
                {
                  "name": "worker_root",
                  "total": 66.47939739999967,
                  "count": 8995,
                  "is_parallel": true,
                  "self": 46.02533169999994,
                  "children": [
                    {
                      "name": "BrainInfo.process_pixels",
                      "total": 0.025731399999999738,
                      "count": 1,
                      "is_parallel": true,
                      "self": 0.0001006999999999536,
                      "children": [
                        {
                          "name": "image_decompress",
                          "total": 0.025630699999999784,
                          "count": 1,
                          "is_parallel": true,
                          "self": 0.025630699999999784
                        }
                      ]
                    },
                    {
                      "name": "UnityEnvironment.step",
                      "total": 20.428334299999733,
                      "count": 8995,
                      "is_parallel": true,
                      "self": 1.4768304999997746,
                      "children": [
                        {
                          "name": "UnityEnvironment._generate_step_input",
                          "total": 0.41941380000005246,
                          "count": 8995,
                          "is_parallel": true,
                          "self": 0.41941380000005246
                        },
                        {
                          "name": "communicator.exchange",
                          "total": 16.810423899999904,
                          "count": 8995,
                          "is_parallel": true,
                          "self": 16.810423899999904
                        },
                        {
                          "name": "BrainInfo.process_pixels",
                          "total": 1.7216661000000038,
                          "count": 8995,
                          "is_parallel": true,
                          "self": 0.5842828999999554,
                          "children": [
                            {
                              "name": "image_decompress",
                              "total": 1.1373832000000483,
                              "count": 8995,
                              "is_parallel": true,
                              "self": 1.1373832000000483
                            }
                          ]
                        }
                      ]
                    }
                  ]
                }
              ]
            }
          ]
        }
      ]
    }
  ]
}