{
  "name": "root",
  "total": 268.62408369999997,
  "count": 1,
  "self": 7.455825999999945,
  "children": [
    {
      "name": "TrainerController.advance",
      "total": 261.1682577,
      "count": 213,
      "self": 0.366469400000085,
      "children": [
        {
          "name": "env_step",
          "total": 260.80178829999994,
          "count": 213,
          "self": 260.63730639999994,
          "children": [
            {
              "name": "SubprocessEnvManager._take_step",
              "total": 0.16262049999993433,
              "count": 213,
              "self": 0.0029851999999328527,
              "children": [
                {
                  "name": "PPOPolicy.evaluate",
                  "total": 0.15963530000000148,
                  "count": 213,
                  "self": 0.15963530000000148
                }
              ]
            },
            {
              "name": "workers",
              "total": 0.0018614000000676256,
              "count": 212,
              "self": 0.0,
              "children": [
                {
                  "name": "worker_root",
                  "total": 57.10185899999995,
                  "count": 212,
                  "is_parallel": true,
                  "self": 6.219904099999916,
                  "children": [
                    {
                      "name": "UnityEnvironment.step",
                      "total": 50.88195490000003,
                      "count": 212,
                      "is_parallel": true,
                      "self": 0.062487299999993695,
                      "children": [
                        {
                          "name": "UnityEnvironment._generate_step_input",
                          "total": 0.014011900000076238,
                          "count": 212,
                          "is_parallel": true,
                          "self": 0.014011900000076238
                        },
                        {
                          "name": "communicator.exchange",
                          "total": 50.80545569999996,
                          "count": 212,
                          "is_parallel": true,
                          "self": 50.80545569999996
                        }
                      ]
                    }
                  ]
                }
              ]
            }
          ]
        }
      ]
    }
  ]
}