{
  "name": "root",
  "total": 23.2879945,
  "count": 1,
  "self": 18.182973999999994,
  "children": [
    {
      "name": "TrainerController.advance",
      "total": 5.1050205000000055,
      "count": 797,
      "self": 1.302221099999965,
      "children": [
        {
          "name": "env_step",
          "total": 2.8554438000000424,
          "count": 797,
          "self": 1.5035043000000563,
          "children": [
            {
              "name": "SubprocessEnvManager._take_step",
              "total": 1.3438566999999537,
              "count": 797,
              "self": 0.011149299999935636,
              "children": [
                {
                  "name": "PPOPolicy.evaluate",
                  "total": 1.332707400000018,
                  "count": 797,
                  "self": 1.332707400000018
                }
              ]
            },
            {
              "name": "workers",
              "total": 0.008082800000032364,
              "count": 797,
              "self": 0.0,
              "children": [
                {
                  "name": "worker_root",
                  "total": 20.659820699999994,
                  "count": 797,
                  "is_parallel": true,
                  "self": 19.540574799999995,
                  "children": [
                    {
                      "name": "UnityEnvironment.step",
                      "total": 1.1192458999999992,
                      "count": 797,
                      "is_parallel": true,
                      "self": 0.19839580000001966,
                      "children": [
                        {
                          "name": "UnityEnvironment._generate_step_input",
                          "total": 0.04913880000000859,
                          "count": 797,
                          "is_parallel": true,
                          "self": 0.04913880000000859
                        },
                        {
                          "name": "communicator.exchange",
                          "total": 0.871711299999971,
                          "count": 797,
                          "is_parallel": true,
                          "self": 0.871711299999971
                        }
                      ]
                    }
                  ]
                }
              ]
            }
          ]
        },
        {
          "name": "update_policy",
          "total": 0.9473555999999981,
          "count": 1,
          "self": 0.14600239999999332,
          "children": [
            {
              "name": "PPOPolicy.update",
              "total": 0.8013532000000048,
              "count": 96,
              "self": 0.8013532000000048
            }
          ]
        }
      ]
    }
  ]
}