{"count":1,"self":770.42288639999992,"total":22504.9002356,"children":{"AgentResetIfDone":{"count":3685917,"self":7.4356295999999995,"total":7.4356292999999996,"children":null},"AgentSendState":{"count":3685917,"self":16.1337472,"total":20.8715778,"children":{"CollectObservations":{"count":3000019,"self":4.7378295999999995,"total":4.7378298,"children":null}}},"DecideAction":{"count":3685917,"self":21216.0167936,"total":21694.8881286,"children":{"AgentInfo.ToProto":{"count":3000019,"self":41.2171296,"total":478.87109949999996,"children":{"Texture2DSensor.GetCompressedObservation":{"count":3000019,"self":437.6539648,"total":437.65397049999996,"children":null}}}}},"AcademyStep":{"count":3685917,"self":4.4714224,"total":4.4714225,"children":null},"AgentAct":{"count":3685917,"self":6.808572,"total":6.8085717999999993,"children":null}}}