{"count":1,"gauges":{},"self":548.6778368,"total":76480.911164099991,"children":{"AgentResetIfDone":{"count":5518834,"self":7.2407536,"total":7.2407531999999994,"children":null},"AgentSendState":{"count":5518834,"self":8.54278,"total":9.1008169,"children":{"CollectObservations":{"count":503749,"self":0.55803669999999994,"total":0.55803669999999994,"children":null}}},"DecideAction":{"count":5518834,"self":74329.7449984,"total":75875.66442049999,"children":{"AgentInfo.ToProto":{"count":503749,"self":34.5822688,"total":1545.9201007,"children":{"Texture2DSensor.GetCompressedObservation":{"count":503749,"self":1511.3378816,"total":1511.3378307,"children":null}}}}},"AcademyStep":{"count":5518834,"self":5.9594808,"total":5.9594806999999994,"children":null},"AgentAct":{"count":5518834,"self":34.265849599999996,"total":34.265849599999996,"children":null}}}