{"count":1,"self":0.058867199999999995,"total":0.0608605,"children":null}