{"count":1,"self":15.268270399999999,"total":266.43507289999997,"children":{"AgentResetIfDone":{"count":73751,"self":0.1464629,"total":0.1464629,"children":null},"AgentSendState":{"count":73751,"self":0.3068913,"total":0.38955419999999996,"children":{"CollectObservations":{"count":50010,"self":0.0826629,"total":0.0826629,"children":null}}},"DecideAction":{"count":73751,"self":242.6573312,"total":250.4283635,"children":{"AgentInfo.ToProto":{"count":50010,"self":0.7317885,"total":7.7710288,"children":{"Texture2DSensor.GetCompressedObservation":{"count":50010,"self":7.0392399999999995,"total":7.0392402999999995,"children":null}}}}},"AcademyStep":{"count":73751,"self":0.1019717,"total":0.1019717,"children":null},"AgentAct":{"count":73751,"self":0.098470599999999991,"total":0.098470599999999991,"children":null}}}