{"count":1,"self":204.3959808,"total":18767.0880319,"children":{"AgentResetIfDone":{"count":1021834,"self":2.1926338,"total":2.1926338,"children":null},"AgentSendState":{"count":1021834,"self":4.0079215999999995,"total":4.8533054999999994,"children":{"CollectObservations":{"count":758167,"self":0.8453837,"total":0.8453837,"children":null}}},"DecideAction":{"count":1021834,"self":18199.8862336,"total":18535.9288916,"children":{"AgentInfo.ToProto":{"count":758167,"self":11.3420288,"total":336.042734,"children":{"Texture2DSensor.GetCompressedObservation":{"count":758167,"self":324.7006976,"total":324.70070499999997,"children":null}}}}},"AcademyStep":{"count":1021834,"self":1.3941189999999999,"total":1.3941189999999999,"children":null},"AgentAct":{"count":1021834,"self":18.321084799999998,"total":18.321084,"children":null}}}