{"count":1,"self":221.98443519999998,"total":17924.223621999998,"children":{"AgentResetIfDone":{"count":1529167,"self":2.6044956,"total":2.6044956999999997,"children":null},"AgentSendState":{"count":1529167,"self":4.3350032,"total":5.2299206,"children":{"CollectObservations":{"count":762851,"self":0.89491729999999992,"total":0.89491729999999992,"children":null}}},"DecideAction":{"count":1529167,"self":17335.9284224,"total":17674.2018743,"children":{"AgentInfo.ToProto":{"count":762851,"self":11.175526399999999,"total":338.27335719999996,"children":{"Texture2DSensor.GetCompressedObservation":{"count":762851,"self":327.09783039999996,"total":327.0978307,"children":null}}}}},"AcademyStep":{"count":1529167,"self":1.8318307999999999,"total":1.8318306999999998,"children":null},"AgentAct":{"count":1529167,"self":18.3700656,"total":18.3700652,"children":null}}}