{"count":1,"self":3.6816636,"total":1477.8002543,"children":{"AgentResetIfDone":{"count":12334,"self":0.0199516,"total":0.0199516,"children":null},"AgentSendState":{"count":12334,"self":0.078843,"total":0.10477879999999999,"children":{"CollectObservations":{"count":10200,"self":0.0259358,"total":0.0259358,"children":null}}},"DecideAction":{"count":12334,"self":1472.1798144,"total":1473.9568605,"children":{"AgentInfo.ToProto":{"count":10200,"self":0.1824121,"total":1.7770108,"children":{"Texture2DSensor.GetCompressedObservation":{"count":10200,"self":1.5945987,"total":1.5945987,"children":null}}}}},"AcademyStep":{"count":12334,"self":0.0089917,"total":0.0089917,"children":null},"AgentAct":{"count":12334,"self":0.0260134,"total":0.0260134,"children":null}}}