{"count":1,"self":98.1422336,"total":10993.3861664,"children":{"AgentResetIfDone":{"count":429917,"self":0.9163176,"total":0.9163176,"children":null},"AgentSendState":{"count":429917,"self":1.9985384,"total":3.7044845,"children":{"CollectObservations":{"count":375077,"self":1.705946,"total":1.705946,"children":null}}},"DecideAction":{"count":429917,"self":10816.4235264,"total":10878.245184899999,"children":{"AgentInfo.ToProto":{"count":375077,"self":5.2199903999999995,"total":61.821523899999995,"children":{"Texture2DSensor.GetCompressedObservation":{"count":375077,"self":56.601535999999996,"total":56.6015337,"children":null}}}}},"AcademyStep":{"count":429917,"self":0.5576257,"total":0.5576257,"children":null},"AgentAct":{"count":429917,"self":11.818328,"total":11.818328099999999,"children":null}}}