{"count":1,"self":1.4974195,"total":8.7504609,"children":{"AgentResetIfDone":{"count":1167,"self":0.008999,"total":0.008999,"children":null},"AgentSendState":{"count":1167,"self":0.0379068,"total":0.0478534,"children":{"CollectObservations":{"count":3332,"self":0.0099466,"total":0.0099466,"children":null}}},"DecideAction":{"count":1167,"self":7.1393176,"total":7.1902038999999993,"children":{"AgentInfo.ToProto":{"count":833,"self":0.0508864,"total":0.0508864,"children":null}}},"AcademyStep":{"count":1167,"self":0.0019952,"total":0.0019952,"children":null},"AgentAct":{"count":1167,"self":0.0019951,"total":0.0019951,"children":null}}}