{"count":1,"self":13.317235199999999,"total":1067.1846461,"children":{"AgentResetIfDone":{"count":55084,"self":0.1386636,"total":0.1386636,"children":null},"AgentSendState":{"count":55084,"self":0.2954313,"total":0.3592721,"children":{"CollectObservations":{"count":47859,"self":0.0638408,"total":0.0638408,"children":null}}},"DecideAction":{"count":55084,"self":950.5273856,"total":1050.2275387,"children":{"AgentInfo.ToProto":{"count":47859,"self":1.0362292,"total":99.700167,"children":{"Texture2DSensor.GetCompressedObservation":{"count":47859,"self":98.663935999999993,"total":98.6639378,"children":null}}}}},"AcademyStep":{"count":55084,"self":0.088852699999999993,"total":0.088852699999999993,"children":null},"AgentAct":{"count":55084,"self":3.052084,"total":3.0520839,"children":null}}}