{"count":1,"gauges":{},"self":0.3485571,"total":94.7648519,"children":{"AgentResetIfDone":{"count":1667,"self":0.0069815,"total":0.0069815,"children":null},"AgentSendState":{"count":1667,"self":0.0044943,"total":0.0044943,"children":{"CollectObservations":{"count":417,"self":0,"total":0,"children":null}}},"DecideAction":{"count":1667,"self":92.78,"total":94.373334,"children":{"AgentInfo.ToProto":{"count":417,"self":0.022944899999999997,"total":1.5933354,"children":{"Texture2DSensor.GetCompressedObservation":{"count":417,"self":1.5703905,"total":1.5703905,"children":null}}}}},"AcademyStep":{"count":1667,"self":0.0049894,"total":0.0049894,"children":null},"AgentAct":{"count":1667,"self":0.024478399999999997,"total":0.024478399999999997,"children":null}}}