{"count":1,"self":56.0829568,"total":25043.1967753,"children":{"AgentResetIfDone":{"count":174307,"self":0.4061764,"total":0.4061764,"children":null},"AgentSendState":{"count":174307,"self":0.8576336,"total":1.0439977,"children":{"CollectObservations":{"count":164969,"self":0.1863641,"total":0.1863641,"children":null}}},"DecideAction":{"count":174307,"self":23611.179008,"total":24980.1824141,"children":{"AgentInfo.ToProto":{"count":164969,"self":4.300636,"total":1369.0032738,"children":{"Texture2DSensor.GetCompressedObservation":{"count":164969,"self":1364.7026176,"total":1364.7026378,"children":null}}}}},"AcademyStep":{"count":174307,"self":0.2953421,"total":0.2953421,"children":null},"AgentAct":{"count":174307,"self":5.1838928,"total":5.1838926,"children":null}}}