{"count":1,"self":208.9249408,"total":29422.0636197,"children":{"AgentResetIfDone":{"count":823917,"self":1.6796832,"total":1.6796832,"children":null},"AgentSendState":{"count":823917,"self":9.6719128,"total":14.3655309,"children":{"CollectObservations":{"count":3674142,"self":4.693618,"total":4.6936181,"children":null}}},"DecideAction":{"count":823917,"self":29181.876633599997,"total":29194.3399869,"children":{"AgentInfo.ToProto":{"count":804161,"self":12.46398,"total":12.4639799,"children":null}}},"AcademyStep":{"count":823917,"self":1.097296,"total":1.097296,"children":null},"AgentAct":{"count":823917,"self":1.6551894999999999,"total":1.6551894999999999,"children":null}}}